e20980a7-f956-11ec-be36-e66049a77c29,
06fd8c48-fa20-11ec-846b-02ac13357688,
41b35867-e0ce-11ec-993d-ca97209d6ffb,
1dd781b5-ee5b-11ec-8a36-2ad161b02720,
95e32b7e-ee50-11ec-9b40-ea3e4d8f87ce,
fba6845b-ed85-11ec-b2d0-82718401a13c,
fca7a007-ed3b-11ec-ba3f-26f743ba07c1,
ff93054d-ed7e-11ec-83fc-d22d7911e577,
15e4d65e-ebfb-11ec-b170-924c51ce4843,
54c77044-e57a-11ec-ba3f-26f743ba07c1,
005edfd9-ee4e-11ec-b2d0-82718401a13c,
628148fa-f898-11ec-a57d-da405ae94f15,
eadd6c45-f2fd-11ec-90f3-d28b86405fcc,
473afc7a-f31a-11ec-aac0-d65104a87e72,
872f09bc-f213-11ec-a317-4224cf0be2c9,
8f9357bc-f256-11ec-a276-6670108277fb,
9702fa63-f221-11ec-90a2-9a3805fb9600,
ec66133a-eb31-11ec-b170-924c51ce4843,
8e2573bc-ee56-11ec-b2d0-82718401a13c,
8e29929d-ee56-11ec-b2d0-82718401a13c,
8e1f598f-ee56-11ec-ac54-4a0fb799ea17,
8e24feea-ee56-11ec-ac54-4a0fb799ea17,
d9b5bfa5-f6f5-11ec-93c9-befe8439c285,
a475870b-ecc9-11ec-ba3f-26f743ba07c1,
bec9c637-ecab-11ec-ba3f-26f743ba07c1,
de7ad66a-ec00-11ec-ba3f-26f743ba07c1,
429b45f2-ecc4-11ec-beec-9e5ba34a1d70,
69b42b4d-ec95-11ec-ba3f-26f743ba07c1,
5ecb20a6-ecbc-11ec-bb8c-7a7f624d2d3e,
690c6c93-e8d6-11ec-b170-924c51ce4843,
15ca9804-ebfb-11ec-b170-924c51ce484,
e183af14-f956-11ec-90f3-d28b86405fcc,
0dac1f61-f6da-11ec-aac0-d65104a87e72,
10a51eae-f94c-11ec-8090-2e7238af877b,
4d31e32a-f6d3-11ec-83fc-d22d7911e577,
5fde6172-f7a0-11ec-93c9-befe8439c285,
80ad8b06-f858-11ec-93c9-befe8439c285,
993f7372-f796-11ec-a198-fe2bc7280e46,
9f9660f5-f938-11ec-90a2-9a3805fb9600,
bb874e87-f858-11ec-83fc-d22d7911e577,
e30c4b4d-f956-11ec-90a2-9a3805fb9600,
e3176e5f-f956-11ec-a198-fe2bc7280e46,
e337799a-f956-11ec-a198-fe2bc7280e46,
348e1733-f936-11ec-a198-fe2bc7280e46,
80d1aa9b-f935-11ec-8090-2e7238af877b,
b6d2108a-f88d-11ec-90a2-9a3805fb9600,
0fe60350-f0b2-11ec-a276-6670108277fb,
0b9bc849-ebfb-11ec-ba3f-26f743ba07c1,
0163b782-ec9f-11ec-bb8c-7a7f624d2d3e,
0bf161f4-ebfb-11ec-ba3f-26f743ba07c1,
dfb4093d-da8b-11ec-ba3f-26f743ba07c1,
255f846e-ebfe-11ec-ba3f-26f743ba07c1,
213a64df-e744-11ec-b170-924c51ce4843
